{
    "www.youtube.com": {
        "search": [
            "input[name='search_query']",
            "#button > yt-icon > span > div"
        ],
        "write": ["a[href='/upload']", "button[aria-label='Create']"]
    },
    "x.com": {
        "search": [
            "input[aria-label='Search query']",
            "a[aria-label='Search and explore']"
        ],
        "write": ["a[aria-label='Post']"]
    },
    "www.reddit.com": {
        "search": [
            [
                {
                    "selector": "body > shreddit-app > reddit-header-large > reddit-header-action-items > header > nav > div.flex-1.py-xs.flex.justify-stretch > div > div > search-dynamic-id-cache-controller > reddit-search-large",
                    "shadowRoot": true
                },
                {
                    "selector": "#search-input",
                    "shadowRoot": true
                },
                {
                    "selector": "input[type='text']"
                }
            ]
        ],
        "write": ["#create-post"]
    },
    "www.perplexity.ai": {
        "search": [
            "#__next > main > div > div > div.erp-tab\\:p-0.erp-new_tab\\:p-0.md\\:gap-xs.lg\\:pb-sm.lg\\:pr-sm.lg\\:pt-sm.isolate.flex.h-auto.max-h-screen.w-full.min-w-0.grow.flex-col > div.erp-tab\\:rounded-none.erp-new_tab\\:rounded-none.erp-tab\\:shadow-none.erp-new_tab\\:shadow-none.erp-tab\\:shadow-left-sm.erp-new_tab\\:shadow-left-sm.flex-1.overflow-clip.bg-clip-border.shadow-sm.lg\\:rounded-lg.md\\:dark\\:border.border-borderMain\\/50.ring-borderMain\\/50.divide-borderMain\\/50.dark\\:divide-borderMainDark\\/50.dark\\:ring-borderMainDark\\/50.dark\\:border-borderMainDark\\/50.bg-background.dark\\:bg-backgroundDark > div > div.border-b.border-borderMain\\/50.ring-borderMain\\/50.divide-borderMain\\/50.dark\\:divide-borderMainDark\\/50.dark\\:ring-borderMainDark\\/50.dark\\:border-borderMainDark\\/50.bg-transparent > div > div.sticky.top-0.z-\\[5\\].rounded-t-xl.border-borderMain\\/50.ring-borderMain\\/50.divide-borderMain\\/50.dark\\:divide-borderMainDark\\/50.dark\\:ring-borderMainDark\\/50.dark\\:border-borderMainDark\\/50.bg-background.dark\\:bg-backgroundDark > div > div > div.gap-sm.hidden.grow.items-center.justify-between.md\\:flex > div.gap-sm.flex.grow.items-center.justify-end > div.max-w-md.grow > div > div > div > input",
            "a[href='/library']"
        ],
        "write": ["textarea"]
    },
    "mail.google.com": {
        "search": ["input[aria-label='Search mail']"],
        "write": [
            "body > div:nth-child(29) > div.nH > div > div.nH.aqk.aql.bkL > div.aqn.aIH.nH.oy8Mbf.apV > div.aBO > div.aic > div > div"
        ]
    },
    "chatgpt.com": {
        "search": ["button[aria-label='Ctrl K']"],
        "write": ["#prompt-textarea"]
    },
    "www.linkedin.com": {
        "search": ["input[aria-label='Search']"],
        "write": ["button#ember33"]
    },
    "www.facebook.com": {
        "search": ["input[type='search']"],
        "write": [
            "#mount_0_0_zG > div > div:nth-child(1) > div > div.x9f619.x1n2onr6.x1ja2u2z > div > div > div.x78zum5.xdt5ytf.x1t2pt76.x1n2onr6.x1ja2u2z.x10cihs4 > div.x9f619.x1ja2u2z.x78zum5.x2lah0s.x1n2onr6.xl56j7k.x1qjc9v5.xozqiw3.x1q0g3np.x1t2pt76.x17upfok > div > div.x9f619.x1ja2u2z.x78zum5.x1n2onr6.x1iyjqo2.xs83m0k.xeuugli.xl56j7k.x1qjc9v5.xozqiw3.x1q0g3np.x1iplk16.x1xfsgkm.xqmdsaz.x1mtsufr.x1w9j1nh > div > div > div > div.x78zum5.x1q0g3np.xl56j7k > div > div.x1yztbdb > div > div > div > div.x1cy8zhl.x78zum5.x1iyjqo2.xs83m0k.xh8yej3 > div > div.xi81zsa.x1lkfr7t.xkjl1po.x1mzt3pk.xh8yej3.x13faqbe"
        ]
    },
    "www.instagram.com": {
        "search": [
            {
                "type": "findByText",
                "selector": "svg title",
                "text": "Search",
                "closest": "a"
            }
        ],
        "write": [
            {
                "type": "findByText",
                "selector": "svg title",
                "text": "New post",
                "closest": "a"
            }
        ]
    },
    "web.whatsapp.com": {
        "search": ["div[aria-label='Search']"],
        "write": ["div[aria-label='Type a message']"]
    },
    "web.snapchat.com": {
        "search": ["input[role='searchbox']"],
        "write": ["div[role='textbox']"]
    },
    "github.com": {
        "search": ["button[aria-label='Search or jump to…']"],
        "write": ["button[aria-label='Create something new']"]
    },
    "stackoverflow.com": {
        "search": ["input[aria-label='Search']"],
        "write": ["a[href='/questions/ask']"]
    },
    "peerlist.io": {
        "search": ["input#react-select-peerlist-search-input"],
        "write": [
            "#modal-background-overlay > div > div > div > div.max-h-\\[300px\\].overflow-y-auto.p-1 > ul > li:nth-child(1) > button",
            "#__next > div.bg-gray-00.w-full.__className_6ac6f9.__variable_793c88 > div.lg\\:pl-6.xl\\:pl-0 > div > div.hidden.lg\\:block > div > div.pr-6.flex.flex-col.justify-between.h-full.overflow-y-auto.hide-scrollbar > div.mt-6 > div > div.w-full.mt-4 > button"
        ]
    },
    "www.amazon.in": {
        "search": ["input[role='searchbox']"]
    },
    "www.flipkart.com": {
        "search": ["input"]
    },
    "www.myntra.com": {
        "search": ["input"]
    },
    "www.meesho.com": {
        "search": ["input"]
    },
    "www.zomato.com": {
        "search": [
            "#root > div > div.sc-kpHvgf.fanodp > div.contents-wrapper > div.searchContainer > div > div.sc-18n4g8v-0.gAhmYY.sc-bYnzgO.cyOcuF > input"
        ]
    },
    "www.bigbasket.com": {
        "search": [
            "#siteLayout > header.sm\\:hidden.z-30.flex.flex-col.col-span-12 > div.grid.grid-flow-col.gap-x-6.h-9.mt-3\\.5.mb-2\\.5 > div.grid.place-content-start.grid-flow-col.gap-x-6 > div > div > div > div > input"
        ]
    },
    "www.swiggy.com": {
        "search": ["input"]
    },
    "in.bookmyshow.com": {
        "search": ["#\\34 "]
    },
    "chat.deepseek.com": {
        "write": ["textarea"]
    },
    "claude.ai": {
        "write": [
            "body > div.flex.min-h-screen.w-full > div > main > div.top-5.z-10.mx-auto.w-full.max-w-2xl.md\\:sticky > div > fieldset > div.flex.flex-col.bg-bg-000.gap-1\\.5.border-0\\.5.border-border-300.pl-4.pt-2\\.5.pr-2\\.5.pb-2\\.5.sm\\:mx-0.items-stretch.transition-all.duration-200.relative.shadow-\\[0_0\\.25rem_1\\.25rem_hsl\\(var\\(--always-black\\)\\/3\\.5\\%\\)\\].focus-within\\:shadow-\\[0_0\\.25rem_1\\.25rem_hsl\\(var\\(--always-black\\)\\/7\\.5\\%\\)\\].hover\\:border-border-200.focus-within\\:border-border-200.cursor-text.z-10.rounded-2xl > div.flex.gap-2 > div > div"
        ]
    },
    "v0.dev": {
        "write": ["textarea"]
    },
    "gemini.google.com": {
        "write": ["div[aria-label='Enter a prompt here']"]
    },
    "www.imdb.com": {
        "search": ["input[aria-label='Search IMDb']"]
    },
    "www.primevideo.com": {
        "search": ["button[aria-label='Search Prime Video']"]
    },
    "www.coursera.org": {
        "search": ["input"]
    },
    "www.hotstar.com": {
        "search": ["#searchBar", "a[href='/in/explore']"]
    },
    "www.udemy.com": {
        "search": ["input[name='q']"]
    },
    "dribbble.com": {
        "search": [
            "#wrap > div.shots-search-hero > div.shots-search-hero__input-container > form > div > drb-clearable-input > input",
            "input[name='q']"
        ]
    },
    "www.crunchyroll.com": {
        "search": ["a[href='/search']"]
    },
    "www.twitch.tv": {
        "search": ["input[type='search']"]
    },
    "en.wikipedia.org": {
        "search": ["a[href='/wiki/Special:Search']", "input[name='search']"]
    },
    "www.wikipedia.org": {
        "search": ["input[name='search']"]
    },
    "www.kaggle.com": {
        "search": ["input[placeholder='Search']"]
    },
    "finance.yahoo.com": {
        "search": ["input"]
    },
    "www.geeksforgeeks.org": {
        "search": [
            "button[aria-label='search']",
            "input",
            "button[aria-label='search']"
        ]
    },
    "scholar.google.com": {
        "search": ["input[aria-label='Search']"]
    },
    "www.google.com": {
        "search": [
            "#gb > div.gb_ld.gb_pd.gb_Hd > div.gb_xd.gb_Bd.gb_Le.gb_Ee > div > form > div > div > span > div > div > div > div.d1dlne > input.Ax4B8.ZAGvjd",
            "textarea[aria-label='Search']",
            "#yDmH0d > c-wiz.zQTmif.SSPGKf.ccEnac > div > div.KdK6Xc > div.e1AOyf > div > div > div > div.d1dlne > input.Ax4B8.ZAGvjd",
            "input[aria-label='Search for topics, locations & sources']"
        ]
    },
    "news.google.com": {
        "search": [
            "textarea[aria-label='Search']",
            "input[aria-label='Search for topics, locations & sources']"
        ]
    },
    "in.indeed.com": {
        "search": [
            "input[aria-label='search: Job title, keywords, or company']"
        ]
    },
    "www.glassdoor.co.in": {
        "search": ["input[aria-labelledby='searchBar-jobTitle_label']"]
    },
    "www.coingecko.com": {
        "search": ["div#search-bar", "input#search-input-field"]
    },
    "in.pinterest.com": {
        "search": ["input[aria-label='Search']"],
        "write": ["a[href='/pin-creation-tool/']"]
    },
    "www.quora.com": {
        "search": ["input[enterkeyhint='search']"],
        "write": ["button[aria-label='Add question']"]
    },
    "internshala.com": {
        "search": ["#select_category_chosen > ul > li > input"]
    }
}
